id	bpm	root	scale	group	split	license	sha256	keyAbsent
102375	130.0	-1		sandyrb	fit	http://creativecommons.org/licenses/by/3.0/	4e3b0f4f737fd7b4bf50a33761639174bc1224ab1c40b294f200a49e21bac329	1
413081	114.0	-1		stixthule	fit	http://creativecommons.org/publicdomain/zero/1.0/	aadfe9b100617b9131bd387aebacbba9279cf1c1d87e01b5d47d358ff05e4ba3	1
331295	128.0	-1		djfroyd	fit	http://creativecommons.org/licenses/by/3.0/	886cac9f4a7012676c03f32f7dacda12c9dbb3a7f708905e09d67f61647f80b7	1
167900	85.0	-1		digitalvalues	fit	http://creativecommons.org/licenses/by/3.0/	f736e29459ba2981ea5dc86c826213dedcc0f6b60b4662f5919d532b0a117a8b	1
53563	130.0	4	natural_minor	KatHakaku	test	http://creativecommons.org/publicdomain/zero/1.0/	cddc48a483d0814c4237e49e865adba13a584711f835331dcad5c80cbbaef899	0
98707	120.0	-1		jordanielmills	fit	http://creativecommons.org/licenses/by/3.0/	0baffa5cc8e8376192d651609b10ac5fbd49e75a7916edba5bd196f5f4b71cd6	1
462026	120.0	6	major	DTOS	fit	http://creativecommons.org/publicdomain/zero/1.0/	86d3789a3f70b5e872f95973c2af78410145653557f77e35b7ba66e5fbaf40b2	0
350766	82.0	0	natural_minor	ReyHolliday	test	http://creativecommons.org/licenses/by/3.0/	ffb8dd5527ee9e0a72272e3148d2594b0d171cc2cb08f9ea3976caa19f2cbc32	0
133437	170.0	-1		DjDust	calibration	http://creativecommons.org/licenses/by/3.0/	4cc4cc7ee8c71b736fd8c3177c84a45e99c5871101160938c71c5ef09b091818	1
477282	128.0	1	natural_minor	Erokia	calibration	http://creativecommons.org/licenses/by/3.0/	24c99f6d88d25c6cf13445a845746b13f7e8fe28479bd91493f24159dcab9cc9	0
479408	150.0	5	natural_minor	itsmochajones	test	http://creativecommons.org/licenses/by/3.0/	3f9b3c272076f1525324db865424c73784f30ff0856d06db7a6ae85fef314b8c	0
102021	110.0	-1		RytmenPinnen	calibration	http://creativecommons.org/publicdomain/zero/1.0/	afdc4006cdd630df00ad5067868785a06fa81eaae990b277b8aebfd0439e9375	1
485394	111.0	-1		Manuel.Ed	fit	http://creativecommons.org/publicdomain/zero/1.0/	0c1be80a66702f7b47f1df5937a38b6b48074900d9839b6e6655e98f8aa78f9f	1
72149	124.0	0	natural_minor	zilverton	test	http://creativecommons.org/licenses/by/3.0/	39ee25ca70e7a334812eda5c4297ca78df12e7d6472c2e2452e7d2b27eb5106b	0
343384	180.0	5	natural_minor	staticpony1	calibration	http://creativecommons.org/publicdomain/zero/1.0/	d8830a7009a6b1b133f7dd0537cae9b4ea3ad93e6e4ceb7feee01aa83242d22e	0
238748	136.0	9	natural_minor	arseniiv	calibration	http://creativecommons.org/publicdomain/zero/1.0/	6e4505e25375824aa780952645614c5106bf3f815c86506ba00bd5b42c46500b	0
471038	100.0	6	natural_minor	Hoerspielwerkstatt_HEF	test	http://creativecommons.org/licenses/by/3.0/	12823ed6335284fbf3d0370d7e4818f5532616aa2c5ec5646188e50f8ce5f1e8	0
43229	0.0	7	major	NoiseCollector	test	http://creativecommons.org/licenses/by/3.0/	cd9a324dbfe7bfa4880459f4705818da74ff10a81b112acbc8f912d95c0485ca	0
125365	160.0	5	natural_minor	DirtyJewbs	calibration	http://creativecommons.org/licenses/by/3.0/	f38c4f4ee0a83003f27aa88611fd1227c65ecb33b85290709a45ade0fe8eecac	0
167390	110.0	9	natural_minor	guitarelement	test	http://creativecommons.org/licenses/by/3.0/	f35bec8b0252df5ad3ff1379f4b84859a8cb1141d0cade7307baf50f3b916a65	0
401818	126.0	-1		inlinebeats	calibration	http://creativecommons.org/publicdomain/zero/1.0/	e7b348215cb9bb9bdaa6925246c6cdb5547425bf15a0b1c7caed8cfd4b5a5024	1
102342	130.0	-1		sandyrb	fit	http://creativecommons.org/licenses/by/3.0/	23111a03c853a40f0ea686a32ffaa7cee480957ad22dfe9591d47254aa7f2674	1
199114	125.0	-1		aikighost	fit	http://creativecommons.org/licenses/by/3.0/	849941d0df371b1458fd752379e4a371d097d5e1b2c863bed89430ab6041f418	1
464382	90.0	-1		mgrin10@student.dkit.ie	test	http://creativecommons.org/publicdomain/zero/1.0/	e96873e839069accf4918038c6ac7ba85ce96b99666b00e2dbcb0b07020d4ed5	1
50483	0.0	0	major	laban	fit	http://creativecommons.org/licenses/by/3.0/	c8905f2b44b3c1adc11562e335ae5620117a1ebae7c1f0885bab89ad6e82c5bc	0
18426	126.0	-1		ramjac	fit	http://creativecommons.org/licenses/by/3.0/	765a27dc0d276f21d99e994a491bb96d90638065070c26244ef307991c04b528	1
214866	85.0	0	major	Mick Gibbs	fit	http://creativecommons.org/licenses/by/3.0/	0930a063cb2c1806900a906c0b42bfd4858525dba0b247b3f9769cb97e6c8b81	0
76695	100.0	5	natural_minor	chicocorrea	test	http://creativecommons.org/publicdomain/zero/1.0/	37769ece196c566d7db200234c25e3a4787e360b1c0dddcf1f360aba56fa6537	0
140835	140.0	-1		Dr_JaKkHaMm3r	fit	http://creativecommons.org/licenses/by/3.0/	473e9de2ea62a5027e7177b2a7184c625f49b45917f4a339dcb79850329cf2ad	1
453150	180.0	-1	natural_minor	Xcreenplay	calibration	http://creativecommons.org/licenses/by/3.0/	2fe0706706b63107226589d0dcae5597a7736f6f9a10bd5da9aa5bd9cd9980bc	0
388841	120.0	-1		JoaoSousa1988	fit	http://creativecommons.org/publicdomain/zero/1.0/	d07713f00e12f20355dd1b7229090827cbb628e4d876b84a5c5ffe79f4b1bf0d	1
54353	160.0	0	natural_minor	GameGod0	test	http://creativecommons.org/licenses/by/3.0/	5aca5652226bb9e845d446bb53f2f000845dc3514ec76e06d8f3834bd1367b73	0
467334	120.0	-1		stevysound	test	http://creativecommons.org/licenses/by/3.0/	7c65dcd1d2c2eea8e8dd43785ca003f40d25c84ffae844976fc704f78b6f4686	1
19071	110.0	-1		aikighost	fit	http://creativecommons.org/publicdomain/zero/1.0/	c281261829c02807b5beee205dabbfe47ddcc36a4511e5c646f3dc5102a8cb91	1
441172	85.0	-1		vykroft	calibration	http://creativecommons.org/publicdomain/zero/1.0/	5dff19a0de5e96dd2634736714b1e4b15ca3ffa5a3558456fc5c23dedef61c08	1
256331	130.0	-1		Kodack	fit	http://creativecommons.org/publicdomain/zero/1.0/	0e933cf31c6eaf3082d1c44cb01b85c8183d582ba1f17714a6cbe160db69f000	1
468504	120.0	2	major	kroshe	test	http://creativecommons.org/publicdomain/zero/1.0/	67b3ec286ae779e3dd651a4de7caacdc4723aa2fa0a6f4b54a93c252467682b3	0
182118	130.0	-1		Goup_1	fit	http://creativecommons.org/licenses/by/3.0/	945a07f2e30bb2d90865818dedf3ca7063bb3df5d8d4a3df0275a033d58f8965	1
72152	124.0	0	major	zilverton	test	http://creativecommons.org/licenses/by/3.0/	7b47ec755831cef4fcae379a3a222db4ae4f869f5b3de5a30713f9e5befa0ae6	0
259297	240.0	0	major	jputman	test	http://creativecommons.org/publicdomain/zero/1.0/	1484097b0ab2e9af4798b771f5b81c4516b521b99c4fc18a943ed278865f750d	0
82237	70.0	-1		kaiodeleis	test	http://creativecommons.org/licenses/by/3.0/	e6118a3a42fb304852ef7586394f38de49eef6c297fb30260ef05aa6f2bb69aa	1
222426	120.0	-1		Jovica	fit	http://creativecommons.org/licenses/by/3.0/	3988011570ac36360ba5af3c81fc2e06439ca6458a4f708d7717aedbbb178003	1
337821	174.0	-1		hardwareshaba	test	http://creativecommons.org/publicdomain/zero/1.0/	e5c8433e88ffacef5e785fb7597435d521452a2c79ed1dcd94ec38522f4f7865	1
216812	87.0	0	natural_minor	mauxuam	test	http://creativecommons.org/publicdomain/zero/1.0/	79f59b6c6e458127ef3d995b0905210f40e260c6f6f02f89be3abe0dd82d5e2c	0
337762	70.0	0	natural_minor	turtlewithpants	fit	http://creativecommons.org/publicdomain/zero/1.0/	c36fe88f6ae036a25f5f6ad135e27bf31471550a1dd14adca8251ec4b2105e1f	0
56158	80.0	-1		infopablo	fit	http://creativecommons.org/licenses/by/3.0/	f33c7a4a566263e23b7c41220f5248236a09247f1a71142ae0f7539bfd611507	1
458029	172.0	-1		inlinebeats	calibration	http://creativecommons.org/publicdomain/zero/1.0/	9b5df659c2168fa4d6c0537c707f3b2ceebb4a1a950f36725e8ff49b4fa614f1	1
41568	140.0	-1		digifishmusic	fit	http://creativecommons.org/licenses/by/3.0/	dc08807e0292e34255a2fd69d4d089dec64e0760b55566dac8a728e6da9d6eab	1
452690	122.0	-1		daf024	test	http://creativecommons.org/publicdomain/zero/1.0/	a4f669d1eea741f194a63f4c276d95693286eb7bce86f37bfb06226202aa21ad	1
24941	162.0	-1		VEXST	fit	http://creativecommons.org/licenses/by/3.0/	69d4bb0f7616e72cd93a97a5fe9de2100ad6e0f36474eaaee03535a3cc96f3ab	1
53562	130.0	4	natural_minor	KatHakaku	test	http://creativecommons.org/publicdomain/zero/1.0/	462c429c36b7e0351bf709efba191297f12c4db2b773aa33a66320ce3d66ccf9	0
332643	130.0	-1		shadowcast303	fit	http://creativecommons.org/publicdomain/zero/1.0/	71516deb56243a92612a4ea759c2e09562206c58ec3cc344d302f78f36145b13	1
246088	175.0	1	natural_minor	lerwickdj	fit	http://creativecommons.org/publicdomain/zero/1.0/	0649da630e85e4006c6b8ff16dac29032f768b251023896bde69a625f6303a96	0
151350	175.0	-1		freestylednb	test	http://creativecommons.org/licenses/by/3.0/	e44d431f4e4c57449d5a27e0329386c1e616acdcfa0994cbae3a201a118547fb	1
302518	125.0	2	natural_minor	modularsamples	calibration	http://creativecommons.org/publicdomain/zero/1.0/	cc1c5e8571c4a2329a04f0f49859cab2d0b3298cdbd78ab206d5943bcc244a97	0
70003	120.0	-1		chipfork	fit	http://creativecommons.org/licenses/by/3.0/	9c3744accc4f5868678f4da3308863ccc29d99277d5c17722e41d8cab9820286	1
395059	96.0	-1		MustardPlug	calibration	http://creativecommons.org/publicdomain/zero/1.0/	ca5671bb223a4dbfda0e503786aef06e5b403917c01a48a9618b828bf37e4bfd	1
320637	155.0	-1	natural_minor	MuSiCjUnK	fit	http://creativecommons.org/publicdomain/zero/1.0/	153801a43cd7e38a35c108e9d0ee6f9e19399a898ba9e69ae6cd69631c1e05ec	0
160430	120.0	-1		day_tripper13	fit	http://creativecommons.org/licenses/by/3.0/	ee329d6bed9ea923b03b9c38f22c9ddbc7eb8f26a75f7f978fa9690d6d9bf83c	1
364223	110.0	0	major	T_Beau	fit	http://creativecommons.org/publicdomain/zero/1.0/	80a10bfc9077cc117b937f8fc6dd14c1f0bc4f9d747ac149766c98a9a2d0aa9f	0
244338	118.0	-1		Insidebeat	fit	http://creativecommons.org/publicdomain/zero/1.0/	77436ad8c49db95d6728cd3e24af1927a050cc67f7f6c07bfdd3fbcc5bfa974c	1
493724	100.0	-1		Xinematix	test	http://creativecommons.org/licenses/by/3.0/	8e59292f0183e9f3ea88e36a6ac5cfd5b1b0d098cb1b18d32958a831979b092f	1
399034	106.0	-1	natural_minor	User391915396	fit	http://creativecommons.org/publicdomain/zero/1.0/	9e13a3a35f97c424c77e4393caedc643c224b6535c0c5547260ff40df04425e5	0
67427	140.0	-1		aji_	calibration	http://creativecommons.org/licenses/by/3.0/	a59e763d4cc47a7b05a60c48817c660b76fe780ed75fa169a52c566789dc8463	1
239507	140.0	-1		luckylittleraven	test	http://creativecommons.org/licenses/by/3.0/	2f3174bc900c3103ccc568dbbb01187554270c9a0d7278518aed1cf2dfbb3150	1
39841	117.0	-1		jult	test	http://creativecommons.org/licenses/by/3.0/	82a04617f1b8397100146d6816084b2d4edd3c97f7648c0a03554a42b63ffad0	1
477375	0.0	0	natural_minor	Pax11	fit	http://creativecommons.org/licenses/by/3.0/	1531f49c44c26207aacd1ae6e77c55e80d3789a40246f6aa382c98bbeb506e81	0
241309	125.0	10	natural_minor	JarAxe	test	http://creativecommons.org/licenses/by/3.0/	e91e814c904bb36ce03a92a52b65b2a614cdf472f4824d25cf552b8c8793a60f	0
395035	120.0	5	major	jovanovich	calibration	http://creativecommons.org/publicdomain/zero/1.0/	1dd716e221cc440f397563c731c733ebd7c12364cab0f54ac9038d4b33c5a1ac	0
445792	136.0	-1		Yils83	calibration	http://creativecommons.org/publicdomain/zero/1.0/	557fdcbc66c0a8ec0887af1bd8d68f505c9760549326198763635a99896b2790	1
45741	88.0	10	natural_minor	torn.rugged.audio.35	test	http://creativecommons.org/publicdomain/zero/1.0/	c7636fc3d8a065b46d473068e0b8b7bb22ca2a4c9c5d436fae9e4e19b5a68ac1	0
401819	91.0	7	major	inlinebeats	calibration	http://creativecommons.org/publicdomain/zero/1.0/	ae239c1848b248437de6e977c2230ef72cb77cc041d7d43c47b3aaea8509fdcf	0
239509	140.0	5	natural_minor	luckylittleraven	test	http://creativecommons.org/licenses/by/3.0/	4828beafde3e0d1e831fdb5e4cfb2e850ff0504be1fd54d4885cd8e1604852e4	0
160375	174.0	-1		day_tripper13	fit	http://creativecommons.org/licenses/by/3.0/	e9dfd9fa7198bcb985d88cf0cbd8f6ba46f00aaf3e61dfc385071997ab1b5ffc	1
13494	120.0	-1		Bitbeast	test	http://creativecommons.org/publicdomain/zero/1.0/	ef0b3d6cdf3e3ec370001830a4e512bfa4a7413c20602c7234222a50a2a21510	1
50040	100.0	-1		Zajo	test	http://creativecommons.org/publicdomain/zero/1.0/	fe8084a1c0a16637957d90e8062777c46f8b4c697baa90b55a5e6e5dcadd0f07	1
195299	155.0	-1		Owl	fit	http://creativecommons.org/licenses/by/3.0/	62ae5edae9171ee477b860569e3fcaf7386090d2bf6d244e0af70a3df22b048b	1
268712	110.0	6	natural_minor	jaffa1970	test	http://creativecommons.org/publicdomain/zero/1.0/	c2a051c67e6a9f21041bb8797e8ea267d66ed43434941a3f46c0aa8e3d79bc6f	0
458522	105.0	-1		animastudios	fit	http://creativecommons.org/publicdomain/zero/1.0/	745ec6fe3e8c41e7161aa64aa5d09a6a05db2d6d4e722c4518f080e4826ac072	1
456131	90.0	-1		funkologic	test	http://creativecommons.org/publicdomain/zero/1.0/	d5cd84fc592523b9a20c9cb99de4317bba0ea2dbb6438ce8793473cbc11a1f5c	1
398098	174.0	5	natural_minor	Chameon	fit	http://creativecommons.org/publicdomain/zero/1.0/	0c47a19731a4379cb27a2e9573b1381731f83053e0831bd9c0839279adfe8fb8	0
188551	120.0	-1		mika55	calibration	http://creativecommons.org/publicdomain/zero/1.0/	7ca799152a1d1a77185c8429aeade621f6cc5d0913bf23c5e6e8709a652f229d	1
491277	120.0	-1		Xinematix	test	http://creativecommons.org/publicdomain/zero/1.0/	8dcb4029caae40f59d38cb6b0bf78e3b2fd39f0c426ff3ce385d3ae4b96e8244	1
156082	78.0	-1		digitalvalues	fit	http://creativecommons.org/licenses/by/3.0/	8a53e88d12f7f769681391836eb043ea848528fc6e195a140daaf0cde40c114d	1
271020	125.0	-1		infectedaudio	fit	http://creativecommons.org/publicdomain/zero/1.0/	4332437fa680d199a9ab4a3828744c99c57e1d35130700536f45895543f349af	1
485396	98.0	-1		Manuel.Ed	fit	http://creativecommons.org/publicdomain/zero/1.0/	30ea6233dcbcd04eb1445def9906fe11be8bd7c2cae3c803b5a0459a5a4a391a	1
132581	120.0	2	natural_minor	wehrwolf78	test	http://creativecommons.org/publicdomain/zero/1.0/	ee510c7368e714bcd45b573a6d2b793b503da04182eab4eb6072721eaf093a05	0
167727	82.0	-1		digitalvalues	fit	http://creativecommons.org/licenses/by/3.0/	4307f08cdda1f88afb5f44959d2c6e84826c24ed229c2449668840d56a99e298	1
145592	135.0	-1		LukeSharples	fit	http://creativecommons.org/licenses/by/3.0/	c4e2dbdf76b105fc73fae64e8162c0bb31fa8e3cd09466fa0ee05771f9bd9864	1
51201	168.0	-1		ronlybonly	fit	http://creativecommons.org/licenses/by/3.0/	f5261cc8978ec72d0408418772a6c619d20ffc535fb7e87a8731338e101bd19a	1
431449	176.0	-1		eryps	calibration	http://creativecommons.org/publicdomain/zero/1.0/	75fa5aef6dd6fbf5cf29aaad1fc8c907da76f68ca91b556eea93fde72b0224cd	1
86757	140.0	5	major	Vicces1212	calibration	http://creativecommons.org/licenses/by/3.0/	90d0bd3b31094956296777f7974b7e89c564b2672beba9da1c9e7fb6b11fc17f	0
116154	60.0	-1		zyxthorn	test	http://creativecommons.org/publicdomain/zero/1.0/	6898c3cde8d061cdcbd8cc358ba2eda52ca7ea572cdeb6b5fd6f2dd55a3980c1	1
45458	0.0	7	natural_minor	jesuswaffle	calibration	http://creativecommons.org/publicdomain/zero/1.0/	e3acf529a41452cc8e94ef114b003ed3abf16af9e2949e37267c890bab76de40	0
232434	92.0	-1		bigjoedrummer	fit	http://creativecommons.org/licenses/by/3.0/	fc5f96299222ad9ee9a730dd2cf72705c882bc58576eb5270272f9e20b7af764	1
77713	90.0	10	major	sorohanro	fit	http://creativecommons.org/licenses/by/3.0/	306c0e567ecd3ec17f784a7511659a35510cc5c2c37d557446c66666f87ed91c	0
414228	120.0	-1	major	Greek555	test	http://creativecommons.org/publicdomain/zero/1.0/	67cd4ca5450496a12f2284eb5ec51946d7dff64494c029cfcf433bc956f1a4aa	0
275418	135.0	5	major	hipihopi	test	http://creativecommons.org/publicdomain/zero/1.0/	73a2261bbe478e4e77201b81a9637d929816948536cd42147b76067692932a91	0
239508	140.0	-1		luckylittleraven	test	http://creativecommons.org/licenses/by/3.0/	6138aa46c68f3bb03391bc928c5fcde005a2b5d74b305500e4e504a3cf695f56	1
431876	120.0	-1		esares	fit	http://creativecommons.org/publicdomain/zero/1.0/	eb97fe546c6a68adc1eeed0072c88a4b4e34fab5dbf4fb0cb3fd4ddeaf86b3c4	1
174452	110.0	-1		Link-Boy	calibration	http://creativecommons.org/publicdomain/zero/1.0/	a114394ee25645a35b486c1ccc2c0b18c7ff280ce19b50cd8c12a9b8014156da	1
395058	96.0	-1		MustardPlug	calibration	http://creativecommons.org/publicdomain/zero/1.0/	93074ecdbb4eabc1a2e752a23822265d03cd4172808dfa96db7125ec121980e6	1
77716	90.0	5	natural_minor	sorohanro	fit	http://creativecommons.org/licenses/by/3.0/	46bc7d437f44a094954e9ac4b2ddce90580ac8a353faa0d4441f395c750e644a	0
339982	140.0	7	natural_minor	FullMetalJedi	fit	http://creativecommons.org/publicdomain/zero/1.0/	5b678d9c7c1c003d6612bdb2507c449cd720c38a7e02273706e7e73f628d650a	0
416990	96.0	10	natural_minor	exotonestudio	fit	http://creativecommons.org/publicdomain/zero/1.0/	adb977020b6654da2493344fe1d0759628b06e65949d416b9ddb9d815cf2e559	0
467916	40.0	2	natural_minor	SGAK	fit	http://creativecommons.org/publicdomain/zero/1.0/	f77cf1340f4b45a5e86bbec00e45f64891f6f5cdb0d11bbce9e21de406adce04	0
93632	130.0	-1		kasull	fit	http://creativecommons.org/publicdomain/zero/1.0/	7e484dc5532e95a89a72b47f9883fd8f44413bc51d0a8954932de3de3a92c2f1	1
218058	122.0	-1		Jessetz	calibration	http://creativecommons.org/publicdomain/zero/1.0/	763da00e6cfc8bb44f3949d99aff9d8309ef5ee12b92794a0ab3879f1d9077ca	1
242963	120.0	-1		Bronxio	test	http://creativecommons.org/publicdomain/zero/1.0/	e02b1179e575b337999490b4eae8d48e72369d0da81a8e81b1af3227fa083249	1
463606	120.0	8	major	RutgerMuller	calibration	http://creativecommons.org/publicdomain/zero/1.0/	bb0ae4f99e57ddacc184c2e7c6c0aeccb441abb7d391fc2b15f2995c8e2b5bf4	0
218349	0.0	9	natural_minor	luckylittleraven	test	http://creativecommons.org/licenses/by/3.0/	47976094749628afeaa520d1312c29e478150f4a09d2211cfb8d0681357d0845	0
264278	130.0	1	natural_minor	jaffa1970	test	http://creativecommons.org/publicdomain/zero/1.0/	563ba2f594974f1ce859209faccac9983c8df182a72aa2e9cd95476e4c8a067d	0
122592	99.0	-1	major	dmyra	fit	http://creativecommons.org/licenses/by/3.0/	b838044b49b7f8c853314f133cf9d097e8f41b88ba024624b65558aa6bfe4ddc	0
237724	120.0	-1		gilbert007	calibration	http://creativecommons.org/publicdomain/zero/1.0/	78a3aba3e47569b9399c67fedaf2bc78a5e8d121114b6b181f1fed921ceb73ab	1
269546	140.0	0	natural_minor	shitefromaheight	test	http://creativecommons.org/licenses/by/3.0/	6458ce64fe116199b5e396227049b925e265ed46ceb64a36a0586a2479dc96ed	0
174867	126.0	-1		drielnox	calibration	http://creativecommons.org/licenses/by/3.0/	a0ff46b696fd4a87ddc621c1125ba6b65c215e14aa15582ceb8697db149f0d8f	1
150302	108.0	-1		NenadSimic	fit	http://creativecommons.org/licenses/by/3.0/	2806d0a30b7dcbf70682f00a0aabf32f22b4d244a327caff38868f4a66722e84	1
246531	120.0	-1		gis_sweden	test	http://creativecommons.org/publicdomain/zero/1.0/	798ccf01165fe35501dd82e40afca2748f22f32198c03d5f46ebbfed1571702d	1
175546	118.0	-1		alphasnk	fit	http://creativecommons.org/licenses/by/3.0/	b62ec1b05b86cde2d505be8040a8f8b1bebfd2eadf76b0100710a9e6d61c593a	1
403070	127.0	-1		jalastram	test	http://creativecommons.org/licenses/by/3.0/	56511371d4e116d5ccda4b756c0a3a5524aa09771d3f57d5d3def17fc7a319c9	1
154915	100.0	-1		Owl	fit	http://creativecommons.org/licenses/by/3.0/	c6383d685d8b57b25691a40c8316ea3a0eddd20aed054a896526b281084cf078	1
30198	140.0	-1		johnnypanic	test	http://creativecommons.org/licenses/by/3.0/	cb31d2f58e0a2964d69ad6dc1820b29eba39974947bcd759644650989f22626a	1
48529	180.0	-1		asdftekno	fit	http://creativecommons.org/publicdomain/zero/1.0/	2c4adbf5ea39cbed4917b424f5c3fe27660842110fe6e9d40dd2ae26d993484f	1
414548	130.0	2	natural_minor	Greek555	test	http://creativecommons.org/publicdomain/zero/1.0/	ccbc1ce4e7e74d7b98c06fcc7e5c71ce908455d36430e524ceb78ea7cd96aeb7	0
38852	125.0	2	natural_minor	Detski	fit	http://creativecommons.org/licenses/by/3.0/	2898497c15d087ce1dcdfd61e9641b22ac21143f8c887b1188893d13d1c2ecd6	0
485392	98.0	-1		Manuel.Ed	fit	http://creativecommons.org/publicdomain/zero/1.0/	fd6dac1120ab6b64249cb2181f30b594bbac2856ea0a940029bfb87b72cd341d	1
261201	144.0	-1		Gius1987	fit	http://creativecommons.org/publicdomain/zero/1.0/	4f8adaafb581744f0a098f01f84e247097343b90803f06ab1abdad9612a1b036	1
259717	140.0	0	major	unfa	test	http://creativecommons.org/licenses/by/3.0/	c4d71d8ec8f4fe4d657fd95361bf3e318371f78d37d1af9587c078bc89057f1f	0
491285	80.0	9	natural_minor	Xinematix	test	http://creativecommons.org/publicdomain/zero/1.0/	e28e7a310b28cba1b3f7c50ea45509d9fa9e40b579ac3b518d9c0f862b2efa53	0
151009	95.0	-1	natural_minor	Khoon	calibration	http://creativecommons.org/publicdomain/zero/1.0/	7d551c46fcc0252e3581afec615de80ebc9dbb50224e2e9f1cd9d2317ecfd616	0
240971	120.0	0	natural_minor	drandarko	fit	http://creativecommons.org/publicdomain/zero/1.0/	722eba49b7bb01af2e6debda84ac792b655034f2b45221bbc6588e13d5bf49eb	0
246083	175.0	1	major	lerwickdj	fit	http://creativecommons.org/publicdomain/zero/1.0/	5f64cb9968fa9a9d5f6dc5cc2fab79eff29c87fedefdc19e289676848f37b611	0
169869	120.0	-1		tichec	fit	http://creativecommons.org/publicdomain/zero/1.0/	5d1dae8587cc52c2d3b9b9bec739c5d6a0c762a1654ec8494e857873421cb037	1
323672	84.0	-1		BartjeBral	test	http://creativecommons.org/publicdomain/zero/1.0/	0a308e00b9a4b4b9b299b1d31ebfc20aebba729f113c2ede689f87b30db91ae2	1
217345	160.0	-1		dark0mega	fit	http://creativecommons.org/publicdomain/zero/1.0/	e96a0acd5f7f6037ac1413483280b3965950b4284cff8b8fe39a51e3f3804099	1
177812	140.0	5	major	Louderest	fit	http://creativecommons.org/licenses/by/3.0/	af2f79407be78bb1d5c70530288c45240e93d37362d38161ac8b1ea495003035	0
93634	130.0	-1		kasull	fit	http://creativecommons.org/publicdomain/zero/1.0/	e1df3744cda7d57424e1327306c2a7c654ba801ef9d6213d6ac2251ad598c6ab	1
243656	135.0	-1		shiftyfour	calibration	http://creativecommons.org/publicdomain/zero/1.0/	d62ca9d2444c70d72028e0ab6812825458908749f85871e6eb4f6cf7e9653cfc	1
72893	100.0	9	natural_minor	uzerx	calibration	http://creativecommons.org/publicdomain/zero/1.0/	e48dd3651d522da1856151518e80284c3045b3835c1758196c095e4d5a4b63df	0
179542	140.0	-1		Clinthammer	fit	http://creativecommons.org/licenses/by/3.0/	edcace1603a8488bcd913a164a4b901bda7c93676665e1137eed319544e62efe	1
332064	90.0	-1	natural_minor	AlonnaAllen	fit	http://creativecommons.org/publicdomain/zero/1.0/	906ad3588f9a240f01cee82ee6fd6724bf949492ff4f429701257bf0d5562be7	0
150115	130.0	0	natural_minor	Vicces1212	calibration	http://creativecommons.org/publicdomain/zero/1.0/	02b921c3181356df9318a02cd34e8640eb3c22759fe47138f02bc2f7e47488a9	0
468506	120.0	-1		kroshe	test	http://creativecommons.org/publicdomain/zero/1.0/	383f932d46e222e4c78140dd0d1bb801e853a811cc68aa6f9d2bd9af62aa1bb1	1
217366	120.0	-1		gusgus26	fit	http://creativecommons.org/licenses/by/3.0/	848666402e4289dfc90de98822367d7d0282b95ad8f1dca3aa22947cb562b4be	1
468508	120.0	-1		kroshe	test	http://creativecommons.org/publicdomain/zero/1.0/	0f8910c28cefbee7643609e3dc93955b282bb113ca34c1058aad66bfa370ff7e	1
48528	180.0	-1		asdftekno	fit	http://creativecommons.org/publicdomain/zero/1.0/	0b7a2b412df7bb5bff03acd8ffd42d7795735dd825d112b9aa881ec54c2070b3	1
144863	100.0	5	major	Derek Lotek	fit	http://creativecommons.org/licenses/by/3.0/	f7b2f021c9d2fea494a12489e22e21cadafdfb42bce8fed0564fb723f1d53bd5	0
123900	140.0	-1		DirtyJewbs	calibration	http://creativecommons.org/licenses/by/3.0/	e5ac53a5d9c8750470209905bcdb00a6bf9aa89d46339530fd2837eaafb20069	1
268201	140.0	-1		jaffa1970	test	http://creativecommons.org/publicdomain/zero/1.0/	77f6d8be1ac0f83101250bd768911e0ee3418491ff7c938cc8adb2dc00a8d35a	1
40007	0.0	0	major	Jovica	fit	http://creativecommons.org/licenses/by/3.0/	2502645cfeb63549547cc8241c7415cfddf950c811b75080815ec101720bfae9	0
90922	180.0	9	natural_minor	Blackie666	fit	http://creativecommons.org/publicdomain/zero/1.0/	e7370cad33d8abe6a5c7e33f96309d28984e35265a38c741dbb8702466885160	0
160714	150.0	0	major	thatjeffcarter	test	http://creativecommons.org/licenses/by/3.0/	17dc8318e0c9ae2d5428b08728ff77cbfc9bbf1f4d1fcac6b33bb73a017fbf67	0
427027	133.0	-1		dankesh	fit	http://creativecommons.org/publicdomain/zero/1.0/	3436894741a8cf89511bba401686141c840dfe55d1ddd29cb2e90eac961fdee5	1
165855	110.0	9	natural_minor	guitarelement	test	http://creativecommons.org/licenses/by/3.0/	e6dfdc6fffdeb63e48176da59aa3bd4b210951aca00dec65027311b0e8a2f272	0
349464	0.0	5	major	T_Beau	fit	http://creativecommons.org/publicdomain/zero/1.0/	ee13e968af4467aec3da26b2289dad2de2a1a37daddd2c87c6122a5524942fc4	0
213503	130.0	2	natural_minor	Goup_1	fit	http://creativecommons.org/licenses/by/3.0/	a09abf029394daabddc409bd1c23c3659f20877107ff66a4747ace7e907663ea	0
332931	100.0	-1		suonho	fit	http://creativecommons.org/licenses/by/3.0/	6955e67b61011b2d4eba4550b5f2354557dd6ecd85f1c2a70d8cc3190927cf5d	1
245099	92.0	-1		Insidebeat	fit	http://creativecommons.org/publicdomain/zero/1.0/	f0b0024b27521a0c286ff7814bb37085c61c0ef558d0a271b359dbf38b348752	1
415004	160.0	9	natural_minor	chiptraxxx	test	http://creativecommons.org/publicdomain/zero/1.0/	43ca6ed13b9beaf1a8cda8df15e6d59983ecf557685c36b22a4f4516158616fc	0
332489	100.0	0	major	neehnahw	fit	http://creativecommons.org/publicdomain/zero/1.0/	3f5431a83ee3fd49125b2025dd7928ccbc71189d6a664e68b82a0f19b1758bd2	0
390879	80.0	0	major	CarlosCarty	test	http://creativecommons.org/licenses/by/3.0/	980f22ce19581b9495ba883fc933bc049342a6cf9db90df548eb0f6b9bc19a1c	0
319319	120.0	-1		druidbloke	fit	http://creativecommons.org/licenses/by/3.0/	f012960fbac99c56003838df3c9e74f08b677cb40a83235ae8e82d8844200d42	1
39387	120.0	9	natural_minor	delphidebrain	fit	http://creativecommons.org/licenses/by/3.0/	aba05f497dc520fdcac842362281842180efb936333b0f88bf7be0c81001c2d5	0
329739	133.962814	2	natural_minor	REVEREND.BLACK	test	http://creativecommons.org/licenses/by/3.0/	8971fc6294b1310f1a22d573fd3f6a2a0af527a7156764306989886c3e864e9c	0
277459	90.0	-1		Mafon2	test	http://creativecommons.org/publicdomain/zero/1.0/	7ca0332ca421b56485fe28781e80e41a074290da176597750d209502b674e26b	1
349630	123.0	-1		tarane468	fit	http://creativecommons.org/publicdomain/zero/1.0/	1f9251cfe5eab34bb1032cc833beb430dce1eee4952b2ab6c7f4e00199ef82d2	1
189592	250.0	-1		PsychoticSynthesis	fit	http://creativecommons.org/licenses/by/3.0/	f1240a76fb03becb75f6413a6a214e5e60f43302b9bdd060a093b4539295852c	1
218372	120.0	9	natural_minor	copyc4t	calibration	http://creativecommons.org/licenses/by/3.0/	4b0aab1585792c55ddf348b79487494ed899651407d144e2195507c5984ae5a2	0
127338	140.0	-1		jordanielmills	fit	http://creativecommons.org/licenses/by/3.0/	d017e320d4424aac278fb804243f27ac7b94be08d419ea4a770299e01f886a34	1
264751	125.0	-1		djnicke	test	http://creativecommons.org/publicdomain/zero/1.0/	5b449dd0aecf2b44250abf2ff247f41acd6669267e632628f16b511c99503c31	1
220060	90.0	2	major	portwain	fit	http://creativecommons.org/publicdomain/zero/1.0/	7db12b3ebc7c83209d3522a4c6b3f484a7a1fffcde130370c44d6da59021e1b8	0
458523	100.0	7	major	animastudios	fit	http://creativecommons.org/publicdomain/zero/1.0/	39cb25775e11bab67a2c82a694c46be2154da7c9491027fdbde833c2180b4380	0
102338	130.0	-1		sandyrb	fit	http://creativecommons.org/licenses/by/3.0/	13faf5d5f7eba772704406fcd94b8a3a38c4f2bd27e6a882b28369c851d1e191	1
141884	140.0	2	natural_minor	DarkoZL	test	http://creativecommons.org/publicdomain/zero/1.0/	64325a3bd28d7224152c0c95a5f7d5ca3bf3e19a298047d8d25126929a584143	0
441170	85.0	-1		vykroft	calibration	http://creativecommons.org/publicdomain/zero/1.0/	c267ca269a64465fa56e2a0f0ae08a4025b9a21edf7e2a30401168752958106f	1
203092	120.0	0	natural_minor	luckylittleraven	test	http://creativecommons.org/licenses/by/3.0/	c12650529e6a5075fac45986cae499fc01899bbe4a0915e69974002a35ae9057	0
127879	100.0	2	natural_minor	fran_ky	fit	http://creativecommons.org/licenses/by/3.0/	783f6eaa75ab10c76e7b8ac9e55ecead1f5a3a2045a03f9dd601ea315e6577e9	0
417756	95.0	-1		vykroft	calibration	http://creativecommons.org/publicdomain/zero/1.0/	93b03045581126ce7bbae3c65d3c762fc6cabb7694ef3d9a61748fdebcb96761	1
242968	120.0	-1		Bronxio	test	http://creativecommons.org/publicdomain/zero/1.0/	99a9bd6730bd5b794dfe7bb4e97c2499e5fa63f1464516a7eda9151173b27c15	1
34373	60.0	4	natural_minor	UncleSigmund	fit	http://creativecommons.org/publicdomain/zero/1.0/	759a87ca17ab26d83456a1a600148d9d48de2d424a1c378f1d165288cf245a38	0
261420	120.0	-1		Xinematix	test	http://creativecommons.org/licenses/by/3.0/	2e5d962642e71cdc13f6361d4c03d340b495837cd7df8d3e57af09dc62ebc373	1
187650	109.0	-1		Owl	fit	http://creativecommons.org/licenses/by/3.0/	64610b87fd0312beeb4479a4e369cce0d1a356fec06ee7c8fc1eb936ec8e7860	1
423722	120.0	-1		@realdavidfloat	fit	http://creativecommons.org/publicdomain/zero/1.0/	ac0db87e946b3feb0b7dc2879adf1b12c0981102622811599a2f1cc02769ee56	1
131379	120.0	-1		tagirov	fit	http://creativecommons.org/licenses/by/3.0/	02831b42bf17146ba45edc0b318a186c93899b9c44eb444c91db2f7471641c73	1
471042	60.0	9	natural_minor	Hoerspielwerkstatt_HEF	test	http://creativecommons.org/licenses/by/3.0/	17f40507c04e9c81a3eec7ca15f40f10b4ef4e4ba82e2f3883798abad487e6be	0
41030	120.0	-1		UncleSigmund	fit	http://creativecommons.org/publicdomain/zero/1.0/	77ecd764865fa7910391b85f073e9fad6ade17a03b4dfaef78b730375be37f2f	0
223664	131.0	-1		Micronin	fit	http://creativecommons.org/licenses/by/3.0/	20e63847b1d8fa58d4ad50e11a601b4564b89961a71c6d0da1aae407c2a81c3f	1
209349	99.0	-1		Vinnie_Palermo	test	http://creativecommons.org/publicdomain/zero/1.0/	732c92d43d6c4c053e030cabee07048edf5347ff644cfe2b1149a0f9d1cc71ce	1
418991	120.0	-1		@realdavidfloat	fit	http://creativecommons.org/publicdomain/zero/1.0/	08370afa22a9c782a4019e39ccb763b400f66b95588837661a9bd4fbd7ef65bf	1
108540	120.0	-1		jmguru	fit	http://creativecommons.org/publicdomain/zero/1.0/	14fecad67192326256131eee949c712b4bedd6f378a81c1477c393f3a80ae4ff	1
49746	80.0	2	natural_minor	Sub-d	fit	http://creativecommons.org/publicdomain/zero/1.0/	634ab65e652f5436bd02fd1af9966bedc4cb5e52019c367c3ff9cfe8b2ca11d2	0
98109	170.0	8	major	barryeuphorik	test	http://creativecommons.org/licenses/by/3.0/	3e8cab34888df433b3fb879d80c1fe4cc23ce2b3a28cb79eaaf9fc537ddff0e2	0
426034	128.0	-1		eardeer	calibration	http://creativecommons.org/licenses/by/3.0/	c9200b66f4228cc47677eae761e60583968f839ef6b4a99e1e4ba6f1daf20ad0	1
236003	89.0	-1		Hugofski	fit	http://creativecommons.org/publicdomain/zero/1.0/	8280b75f2b7b3dc977c7321416e8777aa87012891042d8047b89fbdd773fe1c6	1
348863	128.0	4	natural_minor	T_Beau	fit	http://creativecommons.org/publicdomain/zero/1.0/	14ede75491299279326360872874b1c4b39fa01d73e925b3c868af747fcd4bf3	0
255104	90.0	-1		soundstack	test	http://creativecommons.org/publicdomain/zero/1.0/	4f8c17cf9d9325c38146f31f1965f90582dfbf6bc4276e76baa40091bb3c84ba	1
32256	140.0	5	natural_minor	-zin-	test	http://creativecommons.org/licenses/by/3.0/	c046eddb9a0ed8aa7c9709ee1e709f1298c3675961e7afcb4295cefa3a482d34	0
126056	130.0	-1		comadjinn	fit	http://creativecommons.org/licenses/by/3.0/	6b8f7862679a9646d04720ed66131d899ce1d595beac152f5e97f4d64e852b9c	1
43200	80.0	9	natural_minor	NoiseCollector	test	http://creativecommons.org/licenses/by/3.0/	38c483cd6187c481df6e852e9fac18ffffc8a7f5f5a6e304905d812cf23fa048	0
455582	204.0	-1		XoArK	calibration	http://creativecommons.org/licenses/by/3.0/	45fd048117f1db14dc4d9ed0e4d7cc96386e2ab04f3cb04a7c2ef154bfa8b83a	1
268714	133.0	8	major	jaffa1970	test	http://creativecommons.org/publicdomain/zero/1.0/	ba1295dc90fa931af4b17731b33a44516d170de057fbecd472edef89daa2d7ac	0
217108	120.0	-1		gusgus26	fit	http://creativecommons.org/licenses/by/3.0/	899a830e39786fdd9c442ef065465e13addf367adec4a07438f93fcdb6755426	1
413752	128.0	7	natural_minor	Greek555	test	http://creativecommons.org/publicdomain/zero/1.0/	07daecc489d60d8515950d5e375b8ca6258147dc9706de66ff9d1a868e1d9edf	0
491282	80.0	3	natural_minor	Xinematix	test	http://creativecommons.org/publicdomain/zero/1.0/	d8b9ec78576f9ce8b45ec351c33a277b43f7786ab52d0a7d427675821a7d5b3d	0
413679	126.0	4	major	Teacoma	fit	http://creativecommons.org/publicdomain/zero/1.0/	4d63e6931c8d3628a01978ae1a58b8c2ea5cc8ac6293827bbcad924eca6ff86d	0
324985	172.0	-1		ArcTis	fit	http://creativecommons.org/publicdomain/zero/1.0/	b37d2d423b22a258f8e4236dc2440f250857f928082fe9f2d9fb7f75ec637d74	1
9363	105.0	0	major	lancelottjones	fit	http://creativecommons.org/licenses/by/3.0/	39629bcc5f23ce3f55939717f9f73d671ea5a6c8754d862916482acaecf55763	0
113624	124.0	-1		juskiddink	test	http://creativecommons.org/licenses/by/3.0/	6b58551cb2e7fe7f2685bf7d065f2e1708ac52b7916d84cd5a0cc11fd26bda24	1
270196	130.0	2	major	Jagadamba	fit	http://creativecommons.org/licenses/by/3.0/	44d85708e264063e840e201c41944a0dbc993203b928438496d6098c14ca0333	0
387367	110.0	4	natural_minor	MuSiCjUnK	fit	http://creativecommons.org/publicdomain/zero/1.0/	5ee46c44fe4f96437a62761a2885d3a06b3ea3103fe078f60276eecc63c8181d	0
107181	70.0	4	natural_minor	newshooze	fit	http://creativecommons.org/publicdomain/zero/1.0/	f9b5cd08e661a653fd27c7b5317291bd25d5de03da5d66ee0d11f39de64ebcac	0
121988	110.0	2	natural_minor	fibers	calibration	http://creativecommons.org/licenses/by/3.0/	151373f4084ba89a0eb96c30e29034e811f5d40db71c28fbde50241327537d9d	0
160373	150.0	-1		day_tripper13	fit	http://creativecommons.org/licenses/by/3.0/	a0b6e77349243f29f11e5a12a75a718c874f6b456c37d206341a406831f23062	1
485477	120.0	-1		Manuel.Ed	fit	http://creativecommons.org/publicdomain/zero/1.0/	d6e28654e12db6103ebd35fe3d294b22bb1584dda776e35d6b6334782628846c	1
22871	129.0	-1		deleted_user_133379	fit	http://creativecommons.org/licenses/by/3.0/	3555484e3205cbfb0cc53b607ef803ba823742ee745f64ae64bc840c5de91ded	1
72154	124.0	0	major	zilverton	test	http://creativecommons.org/licenses/by/3.0/	aba6bc49d878448165ce8c36046dfee75c30fce14b2fa211ef749664273c357e	0
220536	130.0	-1		--DeletedUser--	test	http://creativecommons.org/publicdomain/zero/1.0/	fd3a08e1ece9e588e47caf70f00a1b315d167bdca00e756fe57accb78319d0a2	1
170452	140.0	-1		bbd319	test	http://creativecommons.org/publicdomain/zero/1.0/	5849d40a6cede47cab6b1f58e104b7d64a6733d6861fb84e4b4bbb91a98333c5	1
19878	120.0	0	natural_minor	simon wye	fit	http://creativecommons.org/licenses/by/3.0/	b6594c6bb79f7aec8fd8cf7fa439978dd3fffd2b9863f216ce3a4a29c2f5431e	0
414043	128.0	0	major	Greek555	test	http://creativecommons.org/publicdomain/zero/1.0/	2d046f652fba959709ec7ff28e69a62df138cca2d3d668b038773cf9742aba8b	0
55393	110.0	4	natural_minor	Sub-d	fit	http://creativecommons.org/publicdomain/zero/1.0/	f69daaad8b47eb0be10fb1fff0e46d6dc27fd4584dcaf10842030d35be89e837	0
270711	120.0	-1		bcnlab	calibration	http://creativecommons.org/publicdomain/zero/1.0/	19ba142f9d2afd66e1e3c0dc39b65ec452f12d0664345efffd73221615dce75f	1
246068	175.0	1	natural_minor	lerwickdj	fit	http://creativecommons.org/publicdomain/zero/1.0/	bb95c3c5488d91d2703aa8dde03311634bfbce080cf5a5639b85381c21970950	0
337766	70.0	-1	major	turtlewithpants	fit	http://creativecommons.org/publicdomain/zero/1.0/	fe51e3fa6245227bac7eea1df542a977a617546afbe977928b25f2efc35c6954	0
401612	180.0	2	natural_minor	eardeer	calibration	http://creativecommons.org/licenses/by/3.0/	eed2d8a1952db5131e233e385ddb6d84a26d3b2aa5c2a8a764877ac8bb79bb5f	0
131380	120.0	-1		tagirov	fit	http://creativecommons.org/licenses/by/3.0/	f08611f97fd5b69c00e5feddd071e5a8e2fef121402fe4c09a8b06633949e51b	1
424318	0.0	9	natural_minor	Erokia	calibration	http://creativecommons.org/licenses/by/3.0/	cf16f832a38d77884e76ecec6951f3d10198a37ba3924a90f754512c59a45fff	0
412844	86.0	-1	natural_minor	GRD-music-	fit	http://creativecommons.org/publicdomain/zero/1.0/	ba6a33743315330847aebccebf5d3e351b1ffba503fa65d90a957669a468b84e	0
352409	120.0	-1		nesmartu	calibration	http://creativecommons.org/publicdomain/zero/1.0/	812faa8f8fa49882400224e3472ce4ede8d457a4511892a958f880c47c85a0a0	0
352835	0.0	8	natural_minor	mooncubedesign	calibration	http://creativecommons.org/publicdomain/zero/1.0/	4f30507237cc6b8f6e5a86916797957ad325e0de5f697b4e39d1e0dbd261754d	0
407951	125.0	-1		DiscordantScraps	fit	http://creativecommons.org/licenses/by/3.0/	34395122b5b7c5b570a6346067c5947b0137d42910fcce93b8fa97601999ad3e	1
43204	80.0	-1		NoiseCollector	test	http://creativecommons.org/licenses/by/3.0/	af1d894bddc30bce9514550b776cfd458f37e31450fae4e75a46f9d77d8733b5	1
32875	80.0	-1		Brotherprovisional	fit	http://creativecommons.org/licenses/by/3.0/	a360355ab5fc488103f54e2deb84090de0beda4b9e3b9bbea8044675d737b908	1
76697	100.0	5	natural_minor	chicocorrea	test	http://creativecommons.org/publicdomain/zero/1.0/	8e0fd9906aee323fa440ec2cc420a4dd451f4e448895c32cb6a04c537e705fbc	0
208109	120.0	-1		anotheruser777	fit	http://creativecommons.org/licenses/by/3.0/	f45913e1a5e5b845986570742a3783174de658b647adf98bba8a01071b0f066c	1
219250	105.0	-1		radiopassiveboy	fit	http://creativecommons.org/publicdomain/zero/1.0/	4578ef206121b2ee2af00ad894d40e3275189f8708e3ab632fb20ab193582b2a	1
5770	120.0	-1		Jovica	fit	http://creativecommons.org/licenses/by/3.0/	afbb715b539ac553c17936b7bc285ed89c8ab929408eb310a7b2fba7fe406df3	1
352541	100.0	7	major	humphreyswill	test	http://creativecommons.org/licenses/by/3.0/	0728954aca80e59c4dd2c6257c01e5c6303218e3730cf08a566871db266cc29e	0
477224	90.0	6	natural_minor	Erokia	calibration	http://creativecommons.org/licenses/by/3.0/	8c87a5db1b69d34a1a13b5d144f741fd94710f0c85a96d06654bfcf03f9adff7	0
50589	90.0	-1		Brotherprovisional	fit	http://creativecommons.org/licenses/by/3.0/	0e5e69843215c8f58777c0761be1f6466e1426d35c988566bbde371671d1261d	1
149286	120.0	4	major	Strever953	test	http://creativecommons.org/publicdomain/zero/1.0/	e174e262bbeb8d4802b8e8c317dcd5b5f7b668aec389c94ce756b0224859ed72	0
486302	130.0	0	natural_minor	Anasas6	test	http://creativecommons.org/publicdomain/zero/1.0/	569f34339c827dcdda7bb937cc035d4b8d4af2a9bd5f97ddc3705290b7cf02e4	0
214517	112.0	8	natural_minor	cocojammin	fit	http://creativecommons.org/licenses/by/3.0/	87e3c09efec0b4a4e470c79b1529966bc277b09183f0090acb1618b5950cf538	0
213898	90.0	-1		Garzul	fit	http://creativecommons.org/publicdomain/zero/1.0/	cf0145234824911dfe54ec4aef748b9281a410c746d7ecc74fa7313ef065c184	1
53573	130.0	2	major	KatHakaku	test	http://creativecommons.org/publicdomain/zero/1.0/	9817a3415c0917d178ee3a862a6ba620e2bf237c93ec23ec35175cad106665a0	0
413685	120.0	-1		Krishmeister	test	http://creativecommons.org/publicdomain/zero/1.0/	35e09e117721cbacaeb039af7a2729532a2367ea31d10b6e77d5c19d9e17e0aa	1
348381	130.0	10	natural_minor	REVEREND.BLACK	test	http://creativecommons.org/licenses/by/3.0/	003e8859ccdea5388dbcdf53bc450ed8e76e2d963b23990e834ea80f3d436f8c	0
255377	115.0	-1		padron	test	http://creativecommons.org/publicdomain/zero/1.0/	0dfd8d09ba94f17b33b172ee8f731c433a224a1ddc175d8aa1a314b339cceb86	1
19046	0.0	0	major	aikighost	fit	http://creativecommons.org/publicdomain/zero/1.0/	7a6bf18484b13b84968649fcc342fa1af61a85ab8525b18335faa11d2ab3bff5	0
402953	97.0	5	natural_minor	User391915396	fit	http://creativecommons.org/publicdomain/zero/1.0/	3dc846da918f170d155a125519a1a6430baf59a2838f53705c7ac46141305d1e	0
345260	90.0	-1		Hoerspielwerkstatt_HEF	test	http://creativecommons.org/publicdomain/zero/1.0/	86e7cd271ea317764533a7ed361a09b34a17c5131e5e903d18a26c9e9c62a308	1
263869	160.0	-1		Kevcio	fit	http://creativecommons.org/publicdomain/zero/1.0/	0432934227e4308948071b42aa88057d2bb760aa76062139407d6f390f1668de	1
6030	140.0	4	major	Jovica	fit	http://creativecommons.org/licenses/by/3.0/	ab966b233fe8bc70e681abb2afe759677aa0e688ac491f2930d1b8cf3e799e31	0
418596	120.0	-1		@realdavidfloat	fit	http://creativecommons.org/licenses/by/3.0/	c3aab9df86fbb34cba7403b7aa4703c9764db189c132d792589986de8dd54bc0	1
160377	95.0	-1		day_tripper13	fit	http://creativecommons.org/licenses/by/3.0/	c83229c42569a8054ed54c295b71fcbcbcf4be41ebcb04ba8b130ce15a174be8	1
398209	120.0	7	major	tnk	fit	http://creativecommons.org/licenses/by/3.0/	4e272bdf349c261c4fc3117f7e22bbbab0995dfd5397891f4e53ddac7cd3f636	0
418998	120.0	-1		@realdavidfloat	fit	http://creativecommons.org/publicdomain/zero/1.0/	d58316ac8618c1a2447e6da7fc49077bd1d741821bf0ea4335874e753d73785e	1
346217	110.0	-1		Xinematix	test	http://creativecommons.org/licenses/by/3.0/	ca015f806e4450becb96ede40b0d6d25487f1190be7798938af4863887dd7810	1
330430	130.0	-1		AlonnaAllen	fit	http://creativecommons.org/licenses/by/3.0/	f35511b890a9fefb93fdce44a08102dd3e7e9d7f73359ab08e27189539626820	1
41279	120.0	-1		Bsantos	fit	http://creativecommons.org/publicdomain/zero/1.0/	58cd6b4478c99c870f419c27d142b20d49232559ddda5e3e5bc85c1f80a6244f	1
423851	84.0	-1		VJ_XIXi	calibration	http://creativecommons.org/licenses/by/3.0/	e9cf038b8893ab6755cbeca0c8211762ff7c80887ebadfc4f1483f3f47611c77	1
477309	174.0	-1	natural_minor	Erokia	calibration	http://creativecommons.org/licenses/by/3.0/	a7a3e51210a4c4297b249011251468ee2c53c75236a5e52e99147ee9f274833e	0
149181	100.0	-1		digitalvalues	fit	http://creativecommons.org/licenses/by/3.0/	94cf2f28d614a4c39985175b5bb6b788f1129a194db9e6e6a9051a08cb852494	1
275737	120.0	-1		nabz871	test	http://creativecommons.org/publicdomain/zero/1.0/	227ae7a8fdb1b4dccc9958674002e41cb2b52ef2a9ecbde17e4970cd85991f78	1
102886	119.0	-1		Uknow Dude	test	http://creativecommons.org/publicdomain/zero/1.0/	618af315acdd6d7d7451ac470563cae26283ed4bc135aca77bfda73f8094bc87	1
113623	124.0	-1		juskiddink	test	http://creativecommons.org/licenses/by/3.0/	b40c73db74c35825c8afce6baad8e7bc3802f0fa7c176f941d2f4946b3058144	1
50487	134.0	0	major	laban	fit	http://creativecommons.org/licenses/by/3.0/	92fda7ba8c94617d50c448ae80c9fd0e412c18fe1bda35caf4539ac20172a167	0
262133	130.0	9	major	a7643PG	fit	http://creativecommons.org/publicdomain/zero/1.0/	627b143b600c052a5874579c27f91823c44092dc0e4ea3dfa59bde2d5ea14ad4	0
107157	70.0	4	natural_minor	newshooze	fit	http://creativecommons.org/publicdomain/zero/1.0/	68282fcd620b1fe47055f1b4f0e008dbe2b481658774aff020e22c008f31f79e	0
212703	120.0	-1		deleted_user_2627647	fit	http://creativecommons.org/licenses/by/3.0/	f6167f3192377298932ddb0b0c7f7cf408d6e7014206654f05cae3abe297b277	1
210769	128.0	-1		waveplay_old	calibration	http://creativecommons.org/publicdomain/zero/1.0/	fafc3484b58524c7f186f01387c58173210b4fc8f7756d289bad87d436f49ba0	1
424396	104.0	0	natural_minor	@realdavidfloat	fit	http://creativecommons.org/publicdomain/zero/1.0/	62629734d62d96bfb04ca4da0d183f9f617b6805f4b8ef359c73900c91440bc2	0
423278	110.0	-1		vincent sermonne	fit	http://creativecommons.org/publicdomain/zero/1.0/	0eac4b164874cd88ddea768638bbf78e7db1ead6e03f55fbdf35a15c350ef6d7	1
427273	122.0	-1		Elnosos	calibration	http://creativecommons.org/publicdomain/zero/1.0/	d63cd190cd813b3694924f0733076534e24fc820078f9ec34ff93c1a2dc705cd	1
437413	221.0	8	natural_minor	frederic.font	calibration	http://creativecommons.org/licenses/by/3.0/	b1c3f8c2a0f580b0c270e310de7f8ab46c61fbad7c2e9e9431f06058c9089513	0
170648	130.0	-1		JarAxe	test	http://creativecommons.org/licenses/by/3.0/	e7cb453644b41eb055865afbadf96e56976d66b940cadd59cd31eaa475e392ee	1
6043	140.0	-1		Jovica	fit	http://creativecommons.org/licenses/by/3.0/	2f0bf4c5c5280d110bc77e64c6f26fb96f3f92c9acef5ad159eb2ef3c012296a	1
365207	140.0	4	natural_minor	furbyguy	fit	http://creativecommons.org/publicdomain/zero/1.0/	7623533b7399e490501d37a2ef94f9a55c58505f87b91e17ef3e8d11f072d4c0	0
319317	120.0	-1		druidbloke	fit	http://creativecommons.org/licenses/by/3.0/	a9d96d19e2b8a515de819b3600f1b60f95209b52b943d8dffe223939fd67d2b6	1
249545	90.0	-1		yapppy	fit	http://creativecommons.org/publicdomain/zero/1.0/	6025b6a69dd207549d5dd478feefbcb658907ef0f87324e99a6164978002ccec	1
183417	165.0	-1		unfa	test	http://creativecommons.org/licenses/by/3.0/	622f5862525dd5120619aba87c31ae4b419331fe3aa772e127a2953a3b8ba40e	1
413684	130.0	-1		Krishmeister	test	http://creativecommons.org/publicdomain/zero/1.0/	5c58b18794fb2c41cadc8547850e5b49dd621b4a4364d9adff428a1002f55f1b	1
270686	120.0	0	major	bcnlab	calibration	http://creativecommons.org/publicdomain/zero/1.0/	f711ff5f4bf82caa748a34d6c49a12459446c97cfc0d215203f6f1856fce9a39	0
18422	120.0	-1		ramjac	fit	http://creativecommons.org/licenses/by/3.0/	2ddb558d9144ef3a6ac72077fa35964659edde9e001e8c2fe6653ec745966049	1
417755	95.0	-1		vykroft	calibration	http://creativecommons.org/publicdomain/zero/1.0/	b10e574238505c8f6f499cefefee59c3a4918b7da6bbac9c32439c49a999a280	1
419035	120.0	-1		@realdavidfloat	fit	http://creativecommons.org/publicdomain/zero/1.0/	910884e30b736971edbff43ee52c8a6685d72579d5142ee825e925a40d645db7	1
411622	120.0	-1		asciiface	calibration	http://creativecommons.org/licenses/by/3.0/	237d84c85df99e851f705fa3df3079b1a09920018a433f9fcd655b8e93c40ea2	1
418401	120.0	-1		@realdavidfloat	fit	http://creativecommons.org/publicdomain/zero/1.0/	07eddd479e630d98a65731392aa055c76a0fa63255615d61c8c1f3fbe9cd3c78	1
184685	130.0	-1		klankbeeld	test	http://creativecommons.org/licenses/by/3.0/	53a912c6ca9ae4225d7f1b798006b476a7020aba49786bd5df1236f15a77cfac	1
360375	124.0	7	major	Teacoma	fit	http://creativecommons.org/publicdomain/zero/1.0/	fa96cac6481cba26ec425f035d6763aa4e6f440fb954922822088ccb839abb22	0
152449	123.0	-1		dayvonjersen	fit	http://creativecommons.org/publicdomain/zero/1.0/	96befc15c7b50eda09317a55e0b40cc5a0f19fcbf9d1554a09f4e5a50649444b	1
269555	140.0	7	major	shitefromaheight	test	http://creativecommons.org/licenses/by/3.0/	65decfa460d23b046566ad043017e7116b16b0d644786c797311b01c45893646	0
144481	90.0	-1		Strever953	test	http://creativecommons.org/publicdomain/zero/1.0/	a051b439c21a0d0a7fa3f40b32fa3722122f7644b2fb58f40fdc3ace9d0c1d89	1
261195	144.0	-1		Gius1987	fit	http://creativecommons.org/publicdomain/zero/1.0/	f6b8e094c227770aec3249cdf3491488548433d86b8e5736965a4843052fe24c	1
131423	80.0	0	major	arightwizard	calibration	http://creativecommons.org/publicdomain/zero/1.0/	67874e011aa0a3acd9a94400ab4c0f1155aedcf1a3807ca1a1cf5eea79e8915a	0
426647	80.0	7	major	jovanovich	calibration	http://creativecommons.org/licenses/by/3.0/	d3c2a3e9aeca9e609f2fddbad5ab47ef42e5d92e82f7ced6bd8de53b0c76df6c	0
249449	160.0	-1		Jovica	fit	http://creativecommons.org/licenses/by/3.0/	28f935ea5b6150398ef26dfc0dc196f1838804806d0c93f1742e8b390389d11c	1
150361	127.0	-1		LoopTrooper	test	http://creativecommons.org/licenses/by/3.0/	262086f022fbcafa80618ddc23723f24ace50691bdb10e9d563fbc1cc9832e66	1
160378	95.0	-1		day_tripper13	fit	http://creativecommons.org/licenses/by/3.0/	61ad6f710f6f9dc60b7378278457358a997172825c9bb60f06cc6434477b050c	1
426442	0.0	0	natural_minor	Doctor_Dreamchip	calibration	http://creativecommons.org/publicdomain/zero/1.0/	30ac73459836aa58278ccc4c28e66d93124f26c19a55de9e2ccdf5789b3755ea	0
160376	95.0	-1		day_tripper13	fit	http://creativecommons.org/licenses/by/3.0/	cc9f439bbacfaecd29d917cb01acb5e00e348e581c9f9bb216d998d571313406	1
485398	120.0	-1		Manuel.Ed	fit	http://creativecommons.org/publicdomain/zero/1.0/	cc0c895f62d6faeb3c422f0ca0932afbd2be26a53e82a853d652dc65b8e6bcb3	1
86662	100.0	-1		sandyrb	fit	http://creativecommons.org/licenses/by/3.0/	95ad182f2666ed98d5654f179c7208b124675ce280135379b616c081d9d47e58	1
468011	200.0	-1		Royrsd	fit	http://creativecommons.org/publicdomain/zero/1.0/	383bf952985156f7d02eed355670042afcc71438fd294e5d916ebb1d7408c21b	1
478856	156.0	-1		daveanders	fit	http://creativecommons.org/publicdomain/zero/1.0/	d4205f3af2ca76ce52e5d8233858927a040256a6b65b93e39a70783a4055b4b2	1
88168	120.0	-1		tec_studio	fit	http://creativecommons.org/publicdomain/zero/1.0/	66977947b97d62bbd383f01bb512b0e127a443349e1e84fa40dbb5e52d9b1aac	1
343815	130.0	-1		OneGameZone	test	http://creativecommons.org/publicdomain/zero/1.0/	2ee0b77205553633b1cffc0edc8b628eeb88b32ccd9e3aa06adfbbacdc9905a8	1
99554	120.0	-1		mollpe	fit	http://creativecommons.org/publicdomain/zero/1.0/	7773db5393235771e79e798232a8493515e2bb7f25dcd66a33ac40215ec43e03	1
275178	140.0	2	major	Elmo_cookies	test	http://creativecommons.org/publicdomain/zero/1.0/	80948c15c615277eaa105cf4ab04c4525f6bbd1c7230d4be714c0b4db05575ad	0
178771	140.0	-1		DjFaraj	calibration	http://creativecommons.org/publicdomain/zero/1.0/	e791f8f11a20fcf7ed58644b626c625f7a381cbde3a314b400177c039bc3b4b1	1
156518	142.0	-1	natural_minor	kaonaya	fit	http://creativecommons.org/publicdomain/zero/1.0/	95f8dd8a96c569609bfe0fb867f2970b45da26240fa31b8cfb602f061936c99f	0
198972	120.0	-1		klangfabrik	fit	http://creativecommons.org/publicdomain/zero/1.0/	640ad3f8738135ab4d44134d483a5cc9d32b1def9f4001a06b75f44652e916dd	1
104109	140.0	9	major	Keygenerator	test	http://creativecommons.org/publicdomain/zero/1.0/	5a1d15b1ca6611d81d99786ffdfeebf3e4eb2d8864fbf6cd0d16184135f89e8e	0
269243	130.0	0	natural_minor	JarAxe	test	http://creativecommons.org/licenses/by/3.0/	3a7f67cee8891470206b78414e0006dee8f1b8d1298bcd433878b1928675efef	0
337768	0.0	4	major	turtlewithpants	fit	http://creativecommons.org/publicdomain/zero/1.0/	7b172c3d330b3c99a85386383aa67510164048f116c2064de13f11018cd78ea9	0
93637	130.0	-1		kasull	fit	http://creativecommons.org/publicdomain/zero/1.0/	4df563b52915b09bf10da159f1634babde97455adace4dcb0dd936af11860ec3	1
152606	120.0	-1		Technohippy	test	http://creativecommons.org/publicdomain/zero/1.0/	04ec6f2265e3d35b8b8081b55d3c1af393570846b28d16d151e2e1574ed17d65	1
132050	74.0	0	natural_minor	keplar	test	http://creativecommons.org/licenses/by/3.0/	45a1d652d24113c213b2b22679024c03aab0d691a36ef53ca1873e815f65971e	0
442318	140.0	-1		booshroot	calibration	http://creativecommons.org/publicdomain/zero/1.0/	55d87e6e8cefb1d3f71c439d73a038c2f5a44afab7732bbb357a8457ad657c9f	1
270723	0.0	5	major	bcnlab	calibration	http://creativecommons.org/publicdomain/zero/1.0/	7a6cb2b728c85eb09478f70ea714bae440fb49cb1e877427db124e686533e97c	0
248137	90.0	-1		copyc4t	calibration	http://creativecommons.org/licenses/by/3.0/	10b0339fb2e4092ba5334c72fd0865ee2d9a9b856f42f5dcfe034fc4bb4a60f6	1
402458	110.0	3	natural_minor	CyberMad	fit	http://creativecommons.org/publicdomain/zero/1.0/	390efea1ec41151fe7c27c6bad0e2f01955e5044ffd096281fa8ed1a867090b3	0
40053	0.0	4	natural_minor	Jovica	fit	http://creativecommons.org/licenses/by/3.0/	6b05bb69504e63be118aeb6924ecd1f5bb28c760dfbd266cb0d914bc23e2b1f5	0
353853	120.0	-1		dr_skitz	fit	http://creativecommons.org/publicdomain/zero/1.0/	31f8b7b1a656ae67e7c9cf5720a40bee909d9bead37d0992e0c68333d2649495	1
44907	180.0	-1		Dolfeus	calibration	http://creativecommons.org/publicdomain/zero/1.0/	a394357518933ba3f93b583a43e90207cec8723dbf2c11befc7fef73cc975835	1
27506	60.0	5	major	crushed bits	test	http://creativecommons.org/licenses/by/3.0/	95bfc3cb33cf3b760fca75a4ad5a2d2b4d25bcf52bd97c0707bcf78c763e51bc	0
396225	0.0	3	natural_minor	lavaande	test	http://creativecommons.org/licenses/by/3.0/	84625a27368a3761b08c03cc28e48bb690a13b1649a2102fe36b3fcfb48e0d27	0
262454	123.0	0	major	paul_sutyrin	test	http://creativecommons.org/licenses/by/3.0/	246b46e0a58d6fd6179e9b62a60d27e49b64771e32a0f87faebaca54d9c0cf04	0
9364	140.0	-1		lancelottjones	fit	http://creativecommons.org/licenses/by/3.0/	e30f16b327de2f07326cecd9e36d98b6d0ded862691223ae6ff5094360914be1	1
441192	85.0	-1		vykroft	calibration	http://creativecommons.org/publicdomain/zero/1.0/	351bdc95ae13e8bfc48c6b6e2893748b1c03d57a946a1fffb9d6d83f70b178ad	1
192571	126.0	7	natural_minor	aishabag23	test	http://creativecommons.org/licenses/by/3.0/	a77da5c5c176b1f0b4736db354a0c714a7c73c3a91d9d8018af4d751a29760c5	0
204742	120.0	-1	major	hatchetgirl	fit	http://creativecommons.org/publicdomain/zero/1.0/	dfb76303d3b45ea9a39a1f1688b4caff84e7eb5c71e90de8a49ba697b5f0a773	0
192348	140.0	-1		24thelement	fit	http://creativecommons.org/licenses/by/3.0/	291ab743378f9afa1dbcee3e77b83d3accbb6eff651ed451fcaf78f11f9b1171	1
43201	0.0	9	natural_minor	NoiseCollector	test	http://creativecommons.org/licenses/by/3.0/	e6978501eae2d14a96553563e23151cb01a12f198d46b35b1948c21ac673c66c	0
413382	120.0	0	natural_minor	SSS_Samples	test	http://creativecommons.org/licenses/by/3.0/	b0ff073c398cc019a6f75096c8931b00c754b2cb786e4871a5eefdec5f743af0	0
4049	113.0	2	natural_minor	RealRhodesSounds	fit	http://creativecommons.org/licenses/by/3.0/	5daa8d835a71e5902c9471afc9addd8f1f23058ee2fc53d56db8cdd40e2bc000	0
214862	120.0	-1		luckylittleraven	test	http://creativecommons.org/licenses/by/3.0/	4e9404ff77842947349dac640c229f7e4960131cfa5a7f0938c0428037bd061c	1
63642	120.0	-1		Sampleconstruct	fit	http://creativecommons.org/licenses/by/3.0/	98d0548402d51fa189fd38fd829a2ab197ffbb2d6f5c47fa3616fcb238bbd31b	1
140833	220.0	-1		Dr_JaKkHaMm3r	fit	http://creativecommons.org/licenses/by/3.0/	87fc1771a31db47cbb0100f9fa4cf764f5f80c3de68d9f990d4feeac13158536	1
33712	120.0	5	natural_minor	FranticAerostat	fit	http://creativecommons.org/publicdomain/zero/1.0/	aedabdab97d01cb30e8fc80e8ac6dc5e183f66c56330845359c935dcc0fee635	0
270718	80.0	5	major	bcnlab	calibration	http://creativecommons.org/publicdomain/zero/1.0/	8d3aa2e33eff1e5c6e1088620d31927dbe45cadc80f62d3532d5e470da2f7914	0
246529	120.0	9	natural_minor	gis_sweden	test	http://creativecommons.org/publicdomain/zero/1.0/	14278843d706fc12c4158ad13249295cf9b154a109222f6bb2965f310480661b	0
219115	120.0	-1		copyc4t	calibration	http://creativecommons.org/licenses/by/3.0/	343ef31216b6cf9e90952d2cd57c008b2ab9cd744395293ff8e45a1eb954f6c3	1
1969	140.0	-1		Jovica	fit	http://creativecommons.org/licenses/by/3.0/	aaa8b626f1e8040ca87605c242e218cd994c0873075200bfd2ed50eda54b5347	1
183890	120.0	-1		waveplay_old	calibration	http://creativecommons.org/publicdomain/zero/1.0/	b1934eb1fe4c95728d35d6eaa5f2dfcd1883efb60977953a71194139d6a0abeb	1
177807	140.0	-1		Louderest	fit	http://creativecommons.org/licenses/by/3.0/	99a28097855c740b8892e89b50c9d5a48661b135b4591a75bc9bd29c8e8de9f3	1
96463	140.0	0	major	Hippy664	fit	http://creativecommons.org/publicdomain/zero/1.0/	f88d588520bcd429e4856d833bcd5a27d42f5cf566dbf3cdbcdb0810ec4fd58a	0
244349	160.0	-1		Insidebeat	fit	http://creativecommons.org/publicdomain/zero/1.0/	b05c35bc079ec5277b431d70bea49330fc32aaf304ded562bb9ecdea38f5ef2a	1
184672	162.0	-1		VCFOFFICIAL	fit	http://creativecommons.org/publicdomain/zero/1.0/	07aa72cf6e54976310cbda8215787de6b90394b4cfbd0c8196385c430c66302f	1
367962	175.0	-1		TRNGLE	fit	http://creativecommons.org/publicdomain/zero/1.0/	fe6209c582cb024ff881863a4fb474c7a981871e1187b7a7c9f5cd072df93ce7	1
474382	100.0	3	major	Matematik_production	calibration	http://creativecommons.org/publicdomain/zero/1.0/	eefacf5cbc1ac6015672b3b78eb097b491bccaea866a60e8ce0e7dbdcbe40432	0
264750	125.0	-1		djnicke	test	http://creativecommons.org/publicdomain/zero/1.0/	886db140e859fd3a3613c8e5a746e356c62aa7d2cf6bbad5ec09738ec6afe48e	1
419849	120.0	-1		@realdavidfloat	fit	http://creativecommons.org/publicdomain/zero/1.0/	2dcffb40ddc11ec323885dafe1f11c7efc005869dfd5b863ea16094d8a0f5a8c	1
216067	80.0	-1		Go-qualia	calibration	http://creativecommons.org/licenses/by/3.0/	7bf8b55fa8516433892f5d32e62e5991ba3e6a1cab3060ad50ea1006241ddd57	1
262447	170.0	-1		Xinematix	test	http://creativecommons.org/licenses/by/3.0/	1d6bb9eb5c052aecf936272c69002b289de95a618fc2e4497c0fdb81e9a0506e	1
338950	120.0	-1		almela	test	http://creativecommons.org/licenses/by/3.0/	e3ca1d48e6b1c4969271a6165096d7a41a55a2e88d07fa459be3979cb7545ad4	1
353607	176.0	-1		Sebeat	fit	http://creativecommons.org/publicdomain/zero/1.0/	355481cc22ba3a2f7e758d5906130fe69a84316fc3c74357840b6a1a96f874e9	1
423079	139.0	0	natural_minor	monstera	fit	http://creativecommons.org/publicdomain/zero/1.0/	f9d77cd95cf5755ed8814f351db1338927effee87936c90896aaed9f4bb8dd17	0
239516	140.0	-1		luckylittleraven	test	http://creativecommons.org/licenses/by/3.0/	da219075bae2fda31628b1403d01683dc435be8a1500489fcaff2037127777e5	1
379603	140.0	-1		connectik	fit	http://creativecommons.org/publicdomain/zero/1.0/	472988174d0bb2090f4f4f07567dc3341a3943cf6e9d8b5fc647f8ec07863030	1
40047	130.0	-1		Jovica	fit	http://creativecommons.org/licenses/by/3.0/	446ff784944f66e5131700f3074cf8327269fc751107b0700d0a2614febe2a29	1
441190	85.0	-1		vykroft	calibration	http://creativecommons.org/publicdomain/zero/1.0/	1b175dfa79c2db532b4ec4a62006a7b3864d2a09ba30da2945ed09798298ec40	1
250227	140.0	-1		DJE20	fit	http://creativecommons.org/publicdomain/zero/1.0/	985ffdb45694553e64f3a18876effb4dd2fa1992b8ce55c4470ecca9815f3eb8	1
90925	155.0	9	natural_minor	Blackie666	fit	http://creativecommons.org/publicdomain/zero/1.0/	2d08bf6bcea1cb1fad51739566ac8b850e1a4e9eb9dd01fe1b89333eb715cfaf	0
439393	120.0	-1		fsGreat	test	http://creativecommons.org/publicdomain/zero/1.0/	20c3e600aca80ad70b44d845cde8dc36ccdbd50c04f46a09f9535e91528c96fe	1
443500	238.0	3	major	mahammed	test	http://creativecommons.org/licenses/by/3.0/	191ebfdd95bc49dd3c86a2f79dbc764c1b8758ee06daafb40879477bd27c8881	0
474984	120.0	0	natural_minor	CarlosCarty	test	http://creativecommons.org/licenses/by/3.0/	e4441327d049767ca7fc829f2f6e3c94e459914114c92baf1c5d1ab4c45dd76c	0
370352	110.0	0	major	furbyguy	fit	http://creativecommons.org/publicdomain/zero/1.0/	5abb0cd53160853e0033eae3c169c4ac9cc7c927f40b5cd67ceebe15261f5a94	0
113622	120.0	-1		juskiddink	test	http://creativecommons.org/licenses/by/3.0/	ff3a99041352b61987ae63b91bd73a040f4026116cd7100e79e6fdeb966942c1	1
245271	160.0	-1		Insidebeat	fit	http://creativecommons.org/publicdomain/zero/1.0/	4812899c994486ee0c0e8dcaf256c0d3bc1e8b06ef1a34152b2e25c73b806f8b	1
200864	92.0	4	major	LoopPacks	fit	http://creativecommons.org/licenses/by/3.0/	c8c55f6a2524fe706fdb20fa17222eb1805387cdcb2aa57ba83c39e2c80b462d	0
163676	185.0	-1		blaerg	test	http://creativecommons.org/publicdomain/zero/1.0/	ef65543b18451639fc3442a4cf344ba47e4db1fb9c6933d6ff0b85e58baed190	1
426602	110.0	8	major	Doctor_Dreamchip	calibration	http://creativecommons.org/publicdomain/zero/1.0/	0b4620d4b5c93f1bf67f068de0956ece4db2ec5838dc5fee7f2e673c2a53fdd2	0
239474	90.0	-1		Bronxio	test	http://creativecommons.org/publicdomain/zero/1.0/	dad716cb4deb23f2b146721654e9c78845fa7b3a1e08ea0112e3c05a71f439b3	1
30218	160.0	-1		irrlicht	fit	http://creativecommons.org/licenses/by/3.0/	7083ed39a3725f8daf81b9e9a9bd36c4a45e1764cc92de466a701c50ee22c577	1
165440	120.0	0	major	thatjeffcarter	test	http://creativecommons.org/licenses/by/3.0/	c7e1ad73407f88f4bed9cb52f73c678bb0e92005d8f82f73aa4211c6e9de26bc	0
216811	87.0	-1		mauxuam	test	http://creativecommons.org/publicdomain/zero/1.0/	c891df90891d83d40651b8c0753a2dc7401564d33a85f50e8c2cd2f240969728	1
231467	0.0	0	natural_minor	Jovica	fit	http://creativecommons.org/licenses/by/3.0/	01eb4a5afad9c2cbd6b44682c14c4d9ee2ad533f22a6dd41658ca83a1669d3bd	0
18428	110.0	-1		ramjac	fit	http://creativecommons.org/licenses/by/3.0/	3676d0ea7bbaf39d5424ad9e5bc829bb8f51970dcae4cba95eed0041685822af	1
30217	120.0	-1		irrlicht	fit	http://creativecommons.org/licenses/by/3.0/	a0dfd17989b7c31ae4ed764476518d3de07f55da1c47c9be85a5f3b7f47faa9d	1
474961	148.0	5	natural_minor	skratan	calibration	http://creativecommons.org/publicdomain/zero/1.0/	3e74682e6d98732eeb2ce4ac28038f6dd91dc34eba1452500bef5f988bfc0a46	0
197708	150.0	-1		marcusgar	calibration	http://creativecommons.org/publicdomain/zero/1.0/	8be8d1d44f53f2d050426900942160a0028c79cbd6870cff7bb021ad0f219303	1
89608	99.0	-1		MarleneAyni	test	http://creativecommons.org/publicdomain/zero/1.0/	00f3de5675365dd8a197ec1b8809d85f6b708413e6a185a54505255359cd4051	1
25569	100.0	-1		jim68000	fit	http://creativecommons.org/licenses/by/3.0/	04d2c329b55b3372ec258bd6e41f2ed6f673a1392b0c55f119a034aa903d5913	1
396765	86.0	0	natural_minor	User391915396	fit	http://creativecommons.org/publicdomain/zero/1.0/	a7d20dfdefc929e2946637e6f7e29dfe4b3fe3ee911d54277f88c9557ad7a321	0
167393	100.0	7	natural_minor	guitarelement	test	http://creativecommons.org/licenses/by/3.0/	e2d679b25a49d496ecf209705979f4bb74e227496e0c70476c94648d75406fba	0
347751	87.0	-1		jackheath	calibration	http://creativecommons.org/publicdomain/zero/1.0/	824f56e51d773595149a8b312b6a5698dcbacda2088eb64ce1486c034bd45dc8	1
154911	105.0	-1		Owl	fit	http://creativecommons.org/licenses/by/3.0/	4b14258f485cfdd9a1e6b26e5cc8c96e0d731bd3f55111167e12a93d8d88ad9c	1
185568	120.0	-1		IykqiC0	fit	http://creativecommons.org/publicdomain/zero/1.0/	2a198f1036f0fcef0766f18d1e4eae40b82c2627bab7dcd37b06f376f0a01cb1	1
179358	95.0	2	natural_minor	Dodgy C	fit	http://creativecommons.org/licenses/by/3.0/	afb2363bb96471aff185cc1307871fcf6911e888b8f1a71e9c511deb77fdf316	0
102009	110.0	-1		RytmenPinnen	calibration	http://creativecommons.org/publicdomain/zero/1.0/	ba18dc11ba693402431d53465fc55c20de1e0fbae41dd2ee4beb4ac17f099412	1
157658	125.0	-1		cheeseymofodude	fit	http://creativecommons.org/publicdomain/zero/1.0/	3fab82b64299fc3117048a6ba382aa0ff0f7988bf8d6022885a6965fe4a9ea85	1
429866	120.0	9	natural_minor	CarlosCarty	test	http://creativecommons.org/licenses/by/3.0/	1551928eb38d0ef5913d83e9ac3c3596076201e2714c6c1a133536d2e31a5b8b	0
47099	110.0	-1		Brotherprovisional	fit	http://creativecommons.org/licenses/by/3.0/	3f99165e2a8d598cb9d345a319ee52ed1135a8f948c7996c552c17c9dae4217b	1
418400	0.0	8	natural_minor	@realdavidfloat	fit	http://creativecommons.org/publicdomain/zero/1.0/	7c90644fe9d7e67e823431d15052a7c23eb25d11f1f0ccea68b8543bceed34e3	0
156081	82.0	-1		digitalvalues	fit	http://creativecommons.org/licenses/by/3.0/	e8274293020258eec56d5438284d756ae41482bb5aa05f720ce23f8329c48fd1	1
74872	0.0	4	natural_minor	oymaldonado	test	http://creativecommons.org/licenses/by/3.0/	e63109d967b6308cbfa9ff2e2957446070f63680b1f76b51f569bea0bf96aed6	0
32064	0.0	2	major	hello_flowers	test	http://creativecommons.org/publicdomain/zero/1.0/	f7aa3087cbfad3868da1e6a08167ce0f2868f0a559b8d629aa2c70046fb3cb5a	0
127880	100.0	0	major	fran_ky	fit	http://creativecommons.org/licenses/by/3.0/	fb0784f5e737b4b7da2391d8fd28c1dbb0c55e5c1722b85176ce767c1f5c0619	0
214069	140.0	3	natural_minor	ManuelSchleis	calibration	http://creativecommons.org/publicdomain/zero/1.0/	e5cb9d16ab602301f22c34a7d6a58819100eba494e1ff84f9cdc0f743940a1ac	0
